"TITLE, PRICE"
창안애 차르르 쉬폰 맞춤속커튼 나비주름 70 x 165,"17,300원"
[차르르] 샤랄라 나비주름 화이트 시폰 커튼,"17,500원"
호텔식 나비주름 쉬폰커튼 기획전,"13,890원"
[3배주름] 웨딩마치 화이트 쉬폰 커튼 (나비주름),"28,500원"
[맞춤] 프리미엄 나비주름 13cm 비침없는 화이트 쉬폰 커튼,400원
창안애 차르르 쉬폰 맞춤속커튼 나비주름 70 x 165,"17,300원"
[차르르] 샤랄라 나비주름 화이트 시폰 커튼,"17,500원"
호텔식 나비주름 쉬폰커튼 기획전,"13,890원"
[3배주름] 웨딩마치 화이트 쉬폰 커튼 (나비주름),"28,500원"
[맞춤] 프리미엄 나비주름 13cm 비침없는 화이트 쉬폰 커튼,400원
필소굿 나비주름호텔식 암막커튼3컬러(국산맞춤),"24,990원"
차르르 떨어지는 화이트 쉬폰 나비주름 카페커튼,"17,900원"
[데코지오] 나비주름 암막커튼,"27,900원"
썸띵굿 나비주름 세미 암막커튼 3컬러,"24,990원"
쁘리엘르 레이스 슬라브 쉬폰 커튼 커텐 나비주름 거실커튼,"15,260원"
실루엣 차르르 커튼 화이트 쉬폰 나비주름커튼,"16,900원"
화이트 쉬폰 린넨 나비주름 아일렛형 속커튼,"14,900원"
베리굿 호텔식 나비주름 암막커튼 6컬러,"23,980원"
나비비즈(B)투명 - 100g[악세사리 만들기재료 부자재 예쁜구슬 유치원 솜씨자랑],"2,480원"
초등학생 주니어 여아 바캉스 나비 롱 원피스 130 160,"최저24,000원"
영화 클로젯 나비 허율 미아방지 실버 은목걸이,"69,000원"
삼삼텍스타일 맞춤 차르르 차로롬커튼/쉬폰/나비주름 - 1폭(가로길이 ~75cm),"25,000원"
나비비즈(단면) - 3종[악세사리 만들기재료 부자재 예쁜구슬 유치원 솜씨자랑],910원
나비비즈(A)불투명 - 100g[악세사리 만들기재료 부자재 예쁜구슬 유치원 솜씨자랑],"2,400원"
나비 천연 통가죽 4인용 카우치쇼파,"1,139,000원"
쥬씨 투톤 호텔식 거실형 대형 국내생산 100% 형상기억 나비주름 암막커튼 맞춤제작,"19,800원"
나비주름 속 아파트 거실 작은창 커텐 커튼,"19,720원"
린넨 쉬폰 나비주름 화이트 차르르 자수 카페 호텔식 속커튼 모음,"16,800원"
린넨 화이트 나비주름 속커튼,"23,000원"
나비 시스루 쉬폰 원피스 끈나시원피스 세트,"최저20,340원"
"암막 커튼,거실,침실 안막,민자,나비주름,커튼 맞춤제작","37,000원"
[비비스토어] 차르르 호텔식 나비주름 쉬폰 속커튼 속지커튼,"16,970원"
리뉴얼 오가닉팩토리 카시트 유모차 나비베개 라이너세트,"19,900원"
차르르 그레이 쉬폰 나비주름 거실커튼 호텔식 뷰티샵,"9,800원"
포그난 나비주름 차르르 쉬폰 커튼,"17,000원"
어던엣홈 차르르 거실 나비주름 쉬폰커튼 4컬러,"25,600원"
"나비넥타이,남자 보타이, 웨딩소품 단체행사 200여종","2,500원"
포그난 차르르커튼 나비주름 호텔 쉬폰 속커튼,"17,000원"
데코지오 나비주름 쉬폰 속커튼,"18,900원"
5color 신제품 도톰차르르 커튼 세로길이 맞춤제작 광폭 나비주름 속커튼 쉬폰커튼,"16,400원"
코지샵 호텔식 나비주름 쉬폰 속커튼,"19,900원"
화이트 쉬폰 커튼 [맞춤제작] 나비주름 봉집형선택,"19,800원"
[나비손길] 찍찍이암막커튼 모음,"32,000원"
블랑쉬하우스 나비핸드메이드 위빙 벽걸이 액자 마크라메 45x115 - 나비핸드메이드 위빙 벽걸이 액자 마크라메 45x115,"49,000원"
손오공 요괴메카드 수호정령 에반과 미스터리 요괴볼 + 요괴라이더세트 콘돌킹 호랑나비,"최저52,500원"
앤코튼 바람꽃과나비자수 창문커튼 - 바람꽃과나비자수 창문커튼,"81,900원"
듀얼그래픽 콤비블라인드 나비,"50,000원"
맞춤 프리미엄 쉬폰커튼 나비주름 13cm 비침없는 도톰한 화이트 2배주름,360원
"[보타이]핸드크래프트 셀프보타이3Color블랙,와인,네이비","15,000원"
위안부 후원 희망나비 팔찌 목걸이,"최저15,000원"
